"ID","TEAM","ISSUENO","LABEL","WHEN","CREATED_AT","ASSIGNEE","COMMENTS","MILESTONE","DURATION","ISSUECLOSEDAT","ACTION","CREATOR"
"134","1","ISSUE 33","Null Label","1456779702","1456775599","user4","1","1-Mar","4103","1456779702","closed","user4"
"135","1","ISSUE 33","Null Label","1456775599","1456775599","user4","1","1-Mar","4103","1456779702","milestoned","user4"
"136","1","ISSUE 33","Null Label","1456775599","1456775599","user4","1","1-Mar","4103","1456779702","assigned","user4"
"137","1","ISSUE 33","Implementation","1456775599","1456775599","user4","1","1-Mar","4103","1456779702","labeled","user4"
"138","1","ISSUE 33","enhancement","1456775599","1456775599","user4","1","1-Mar","4103","1456779702","labeled","user4"
"139","1","ISSUE 34","Null Label","1456805160","1456781560","user2","0","1-Mar","23600","1456805160","closed","user2"
"140","1","ISSUE 34","Null Label","1456781560","1456781560","user2","0","1-Mar","23600","1456805160","milestoned","user2"
"141","1","ISSUE 34","Null Label","1456781560","1456781560","user2","0","1-Mar","23600","1456805160","assigned","user2"
"142","1","ISSUE 34","bug","1456781560","1456781560","user2","0","1-Mar","23600","1456805160","labeled","user2"
"143","1","ISSUE 35","Null Label","1456866988","1456784241","user1","1","1-Mar","82747","1456866988","closed","user1"
"144","1","ISSUE 35","Null Label","1456784241","1456784241","user1","1","1-Mar","82747","1456866988","milestoned","user1"
"145","1","ISSUE 35","Null Label","1456784241","1456784241","user1","1","1-Mar","82747","1456866988","assigned","user1"
"146","1","ISSUE 35","Implementation","1456784241","1456784241","user1","1","1-Mar","82747","1456866988","labeled","user1"
"147","1","ISSUE 36","Null Label","1456814327","1456784266","user3","1","1-Mar","30061","1456814327","closed","user3"
"148","1","ISSUE 36","Null Label","1456784266","1456784266","user3","1","1-Mar","30061","1456814327","milestoned","user3"
"149","1","ISSUE 36","Null Label","1456784266","1456784266","user3","1","1-Mar","30061","1456814327","assigned","user3"
"150","1","ISSUE 36","bug","1456784266","1456784266","user3","1","1-Mar","30061","1456814327","labeled","user3"
"151","1","ISSUE 37","Null Label","1459712657","1456785360","user3","0","User response study initial survey on apps usage","2927297","1459712657","closed","user3"
"152","1","ISSUE 37","testing","1456785389","1456785360","user3","0","User response study initial survey on apps usage","2927297","1459712657","labeled","user3"
"153","1","ISSUE 37","Null Label","1456785360","1456785360","user3","0","User response study initial survey on apps usage","2927297","1459712657","milestoned","user3"
"154","1","ISSUE 37","Null Label","1456785360","1456785360","user3","0","User response study initial survey on apps usage","2927297","1459712657","assigned","user3"
"155","1","ISSUE 38","Null Label","1456804866","1456804283","user3","1","1-Mar","583","1456804866","closed","user3"
"156","1","ISSUE 38","Null Label","1456804283","1456804283","user3","1","1-Mar","583","1456804866","milestoned","user3"
"157","1","ISSUE 38","Null Label","1456804283","1456804283","user3","1","1-Mar","583","1456804866","assigned","user3"
"158","1","ISSUE 38","Implementation","1456804283","1456804283","user3","1","1-Mar","583","1456804866","labeled","user3"
"159","1","ISSUE 39","Null Label","1456871112","1456805030","user1","0","1-Mar","66082","1456871112","closed","user1"
"160","1","ISSUE 39","Null Label","1456805030","1456805030","user1","0","1-Mar","66082","1456871112","milestoned","user1"
"161","1","ISSUE 39","Null Label","1456805030","1456805030","user1","0","1-Mar","66082","1456871112","assigned","user1"
"162","1","ISSUE 40","Null Label","1459712681","1456814246","user4","1","Improvement to-do's","2898435","1459712681","closed","user4"
"163","1","ISSUE 40","Null Label","1456890209","1456814246","user4","1","Improvement to-do's","2898435","1459712681","demilestoned","user4"
"164","1","ISSUE 40","Null Label","1456890209","1456814246","user4","1","Improvement to-do's","2898435","1459712681","milestoned","user4"
"165","1","ISSUE 40","Null Label","1456814246","1456814246","user4","1","Improvement to-do's","2898435","1459712681","milestoned","user4"
"166","1","ISSUE 40","Null Label","1456814246","1456814246","user4","1","Improvement to-do's","2898435","1459712681","assigned","user4"
"167","1","ISSUE 40","bug","1456814246","1456814246","user4","1","Improvement to-do's","2898435","1459712681","labeled","user4"
"168","1","ISSUE 41","Null Label","1456890316","1456814290","user2","0","1-Mar","76026","1456890316","closed","user2"
"169","1","ISSUE 41","Null Label","1456814290","1456814290","user2","0","1-Mar","76026","1456890316","milestoned","user2"
"170","1","ISSUE 41","Null Label","1456814290","1456814290","user2","0","1-Mar","76026","1456890316","assigned","user2"
"171","1","ISSUE 41","Implementation","1456814290","1456814290","user2","0","1-Mar","76026","1456890316","labeled","user2"
"172","1","ISSUE 42","Null Label","1459712753","1456984938","user2","0","User response study initial survey on apps usage","2727815","1459712753","closed","user2"
"173","1","ISSUE 42","Null Label","1456984938","1456984938","user2","0","User response study initial survey on apps usage","2727815","1459712753","milestoned","user2"
"174","1","ISSUE 42","Null Label","1456984938","1456984938","user2","0","User response study initial survey on apps usage","2727815","1459712753","assigned","user2"
"175","1","ISSUE 42","Discussion","1456984938","1456984938","user2","0","User response study initial survey on apps usage","2727815","1459712753","labeled","user2"
"176","1","ISSUE 42","proj1 feedback","1456984938","1456984938","user2","0","User response study initial survey on apps usage","2727815","1459712753","labeled","user2"
"177","1","ISSUE 43","Null Label","1459712673","1456984966","user3","0","User response study initial survey on apps usage","2727707","1459712673","closed","user3"
"178","1","ISSUE 43","Null Label","1456984966","1456984966","user3","0","User response study initial survey on apps usage","2727707","1459712673","milestoned","user3"
"179","1","ISSUE 43","Null Label","1456984966","1456984966","user3","0","User response study initial survey on apps usage","2727707","1459712673","assigned","user3"
"180","1","ISSUE 43","Discussion","1456984966","1456984966","user3","0","User response study initial survey on apps usage","2727707","1459712673","labeled","user3"
"181","1","ISSUE 43","proj1 feedback","1456984966","1456984966","user3","0","User response study initial survey on apps usage","2727707","1459712673","labeled","user3"
"182","1","ISSUE 44","Null Label","1460076133","1459724451","user2","0","Analysis of solutions","351682","1460076133","closed","user2"
"183","1","ISSUE 44","Null Label","1459724451","1459724451","user2","0","Analysis of solutions","351682","1460076133","milestoned","user2"
"184","1","ISSUE 44","Discussion","1459724451","1459724451","user2","0","Analysis of solutions","351682","1460076133","labeled","user2"
"185","1","ISSUE 44","Null Label","1459724451","1459724451","user2","0","Analysis of solutions","351682","1460076133","assigned","user2"
"186","1","ISSUE 45","Null Label","1459907240","1459724474","user1","1","Analysis of solutions","182766","1459907240","closed","user1"
"187","1","ISSUE 45","Null Label","1459724474","1459724474","user1","1","Analysis of solutions","182766","1459907240","milestoned","user1"
"188","1","ISSUE 45","Discussion","1459724474","1459724474","user1","1","Analysis of solutions","182766","1459907240","labeled","user1"
"189","1","ISSUE 45","Null Label","1459724474","1459724474","user1","1","Analysis of solutions","182766","1459907240","assigned","user1"
"190","1","ISSUE 46","Null Label","1460083009","1459724518","user1","1","Analysis of solutions","358491","1460083009","closed","user1"
"191","1","ISSUE 46","Null Label","1459907756","1459724518","user1","1","Analysis of solutions","358491","1460083009","assigned","user1"
"192","1","ISSUE 46","Null Label","1459907756","1459724518","user1","1","Analysis of solutions","358491","1460083009","unassigned","user1"
"193","1","ISSUE 46","testing","1459907362","1459724518","user1","1","Analysis of solutions","358491","1460083009","labeled","user1"
"194","1","ISSUE 46","Null Label","1459724518","1459724518","user1","1","Analysis of solutions","358491","1460083009","milestoned","user1"
"195","1","ISSUE 46","Discussion","1459724518","1459724518","user1","1","Analysis of solutions","358491","1460083009","labeled","user1"
"196","1","ISSUE 46","Null Label","1459724518","1459724518","user1","1","Analysis of solutions","358491","1460083009","assigned","user1"
"197","1","ISSUE 47","Null Label","1460083003","1459724848","user3","2","7-Apr","358155","1460083003","closed","user3"
"198","1","ISSUE 47","Report","1459907510","1459724848","user3","2","7-Apr","358155","1460083003","labeled","user3"
"199","1","ISSUE 47","Null Label","1459724848","1459724848","user3","2","7-Apr","358155","1460083003","milestoned","user3"
"200","1","ISSUE 47","Discussion","1459724848","1459724848","user3","2","7-Apr","358155","1460083003","labeled","user3"
"201","1","ISSUE 47","Null Label","1459724848","1459724848","user3","2","7-Apr","358155","1460083003","assigned","user3"
"202","1","ISSUE 48","Null Label","1460065384","1459907393","user1","1","Analysis of solutions","157991","1460065384","closed","user1"
"203","1","ISSUE 48","Report","1459907492","1459907393","user1","1","Analysis of solutions","157991","1460065384","labeled","user1"
"204","1","ISSUE 48","Null Label","1459907393","1459907393","user1","1","Analysis of solutions","157991","1460065384","milestoned","user1"
"205","1","ISSUE 48","testing","1459907393","1459907393","user1","1","Analysis of solutions","157991","1460065384","labeled","user1"
"206","1","ISSUE 48","Discussion","1459907393","1459907393","user1","1","Analysis of solutions","157991","1460065384","labeled","user1"
"207","1","ISSUE 48","Null Label","1459907393","1459907393","user1","1","Analysis of solutions","157991","1460065384","assigned","user1"
"208","1","ISSUE 49","Null Label","1460076120","1459907446","user2","0","7-Apr","168674","1460076120","closed","user2"
"209","1","ISSUE 49","proj1 feedback","1459907481","1459907446","user2","0","7-Apr","168674","1460076120","unlabeled","user2"
"210","1","ISSUE 49","Report","1459907481","1459907446","user2","0","7-Apr","168674","1460076120","labeled","user2"
"211","1","ISSUE 49","Null Label","1459907446","1459907446","user2","0","7-Apr","168674","1460076120","milestoned","user2"
"212","1","ISSUE 49","Discussion","1459907446","1459907446","user2","0","7-Apr","168674","1460076120","labeled","user2"
"213","1","ISSUE 49","proj1 feedback","1459907446","1459907446","user2","0","7-Apr","168674","1460076120","labeled","user2"
"214","1","ISSUE 49","Null Label","1459907446","1459907446","user2","0","7-Apr","168674","1460076120","assigned","user2"
"215","1","ISSUE 50","Null Label","1460075783","1459907710","user2","2","7-Apr","168073","1460075783","closed","user2"
"216","1","ISSUE 50","Report","1459907722","1459907710","user2","2","7-Apr","168073","1460075783","labeled","user2"
"217","1","ISSUE 50","Null Label","1459907710","1459907710","user2","2","7-Apr","168073","1460075783","milestoned","user2"
"218","1","ISSUE 50","Null Label","1459907710","1459907710","user2","2","7-Apr","168073","1460075783","assigned","user2"
"219","1","ISSUE 51","Null Label","1460065585","1459907790","user3","1","Analysis of solutions","157795","1460065585","closed","user3"
"220","1","ISSUE 51","Null Label","1459907790","1459907790","user3","1","Analysis of solutions","157795","1460065585","milestoned","user3"
"221","1","ISSUE 51","Report","1459907790","1459907790","user3","1","Analysis of solutions","157795","1460065585","labeled","user3"
"222","1","ISSUE 51","testing","1459907790","1459907790","user3","1","Analysis of solutions","157795","1460065585","labeled","user3"
"223","1","ISSUE 51","Discussion","1459907790","1459907790","user3","1","Analysis of solutions","157795","1460065585","labeled","user3"
"224","1","ISSUE 51","Null Label","1459907790","1459907790","user3","1","Analysis of solutions","157795","1460065585","assigned","user3"
"225","1","ISSUE 52","Null Label","1460083077","1460076175","user2","0","one","6902","1460083077","closed","user2"
"226","1","ISSUE 52","Null Label","1460083025","1460076175","user2","0","one","6902","1460083077","demilestoned","user2"
"227","1","ISSUE 52","Null Label","1460076175","1460076175","user2","0","one","6902","1460083077","milestoned","user2"
"228","1","ISSUE 52","Report","1460076175","1460076175","user2","0","one","6902","1460083077","labeled","user2"
"229","1","ISSUE 52","Null Label","1460076175","1460076175","user2","0","one","6902","1460083077","assigned","user2"
"1350","2","ISSUE 8","Null Label","1455826397","1455773895","none","0","Solution 1: Web Scraping Application","52584","1455826479","unassigned","user4"
"1351","2","ISSUE 8","Null Label","1455826394","1455773895","none","0","Solution 1: Web Scraping Application","52584","1455826479","assigned","user4"
"1352","2","ISSUE 8","Null Label","1455826394","1455773895","none","0","Solution 1: Web Scraping Application","52584","1455826479","unassigned","user1"
"1353","2","ISSUE 8","Null Label","1455826391","1455773895","none","0","Solution 1: Web Scraping Application","52584","1455826479","assigned","user1"
"1354","2","ISSUE 8","Null Label","1455826391","1455773895","none","0","Solution 1: Web Scraping Application","52584","1455826479","unassigned","user4"
"1355","2","ISSUE 8","Null Label","1455826388","1455773895","none","0","Solution 1: Web Scraping Application","52584","1455826479","assigned","user4"
"1356","2","ISSUE 8","enhancement","1455774807","1455773895","none","0","Solution 1: Web Scraping Application","52584","1455826479","labeled","user2"
"1357","2","ISSUE 8","Null Label","1455773922","1455773895","none","0","Solution 1: Web Scraping Application","52584","1455826479","milestoned","user2"
"1358","2","ISSUE 9","Null Label","1456621168","1455773972","user1","0","Solution 1: Web Scraping Application","847196","1456621168","closed","user1"
"1359","2","ISSUE 9","Null Label","1456621137","1455773972","user1","0","Solution 1: Web Scraping Application","847196","1456621168","assigned","user1"
"1360","2","ISSUE 9","Null Label","1456621137","1455773972","user1","0","Solution 1: Web Scraping Application","847196","1456621168","unassigned","user1"
"1361","2","ISSUE 9","Null Label","1455829086","1455773972","user1","0","Solution 1: Web Scraping Application","847196","1456621168","assigned","user1"
"1362","2","ISSUE 9","enhancement","1455828379","1455773972","user1","0","Solution 1: Web Scraping Application","847196","1456621168","unlabeled","user1"
"1363","2","ISSUE 9","Web App","1455828379","1455773972","user1","0","Solution 1: Web Scraping Application","847196","1456621168","labeled","user1"
"1364","2","ISSUE 9","enhancement","1455774816","1455773972","user1","0","Solution 1: Web Scraping Application","847196","1456621168","labeled","user1"
"1365","2","ISSUE 9","Null Label","1455773972","1455773972","user1","0","Solution 1: Web Scraping Application","847196","1456621168","milestoned","user1"
"1366","2","ISSUE 10","Null Label","1456796172","1455774138","user1","2","Solution 2: Plugin Development(Basic functionality)","1022034","1456796172","closed","user1"
"1367","2","ISSUE 10","Null Label","1456733395","1455774138","user1","2","Solution 2: Plugin Development(Basic functionality)","1022034","1456796172","assigned","user1"
"1368","2","ISSUE 10","enhancement","1455828450","1455774138","user1","2","Solution 2: Plugin Development(Basic functionality)","1022034","1456796172","unlabeled","user1"
"1369","2","ISSUE 10","Plugin","1455828450","1455774138","user1","2","Solution 2: Plugin Development(Basic functionality)","1022034","1456796172","labeled","user1"
"1370","2","ISSUE 10","enhancement","1455774822","1455774138","user1","2","Solution 2: Plugin Development(Basic functionality)","1022034","1456796172","labeled","user1"
"1371","2","ISSUE 10","Null Label","1455774138","1455774138","user1","2","Solution 2: Plugin Development(Basic functionality)","1022034","1456796172","milestoned","user1"
"1372","2","ISSUE 11","Null Label","1456734855","1455774191","user3","2","Solution 3: Android application for reviews","960664","1456734855","closed","user3"
"1373","2","ISSUE 11","Null Label","1455907997","1455774191","user3","2","Solution 3: Android application for reviews","960664","1456734855","assigned","user3"
"1374","2","ISSUE 11","enhancement","1455828460","1455774191","user3","2","Solution 3: Android application for reviews","960664","1456734855","unlabeled","user3"
"1375","2","ISSUE 11","Android","1455828460","1455774191","user3","2","Solution 3: Android application for reviews","960664","1456734855","labeled","user3"
"1376","2","ISSUE 11","enhancement","1455774829","1455774191","user3","2","Solution 3: Android application for reviews","960664","1456734855","labeled","user3"
"1377","2","ISSUE 11","Null Label","1455774191","1455774191","user3","2","Solution 3: Android application for reviews","960664","1456734855","milestoned","user3"
"1489","2","ISSUE 33","Null Label","1455959095","1455959095","user3","2","Solution 3: Android application for reviews","675115","1456634210","milestoned","user3"
"1490","2","ISSUE 33","Android","1455959095","1455959095","user3","2","Solution 3: Android application for reviews","675115","1456634210","labeled","user3"
"1491","2","ISSUE 34","Null Label","1456091227","1456091026","user2","1","Solution 1: Web Scraping Application","201","1456091227","closed","user2"
"1492","2","ISSUE 34","Null Label","1456091026","1456091026","user2","1","Solution 1: Web Scraping Application","201","1456091227","milestoned","user2"
"1493","2","ISSUE 34","Null Label","1456091026","1456091026","user2","1","Solution 1: Web Scraping Application","201","1456091227","assigned","user2"
"1494","2","ISSUE 34","Plugin","1456091026","1456091026","user2","1","Solution 1: Web Scraping Application","201","1456091227","labeled","user2"
"1495","2","ISSUE 34","Web App","1456091026","1456091026","user2","1","Solution 1: Web Scraping Application","201","1456091227","labeled","user2"
"1496","2","ISSUE 34","Android","1456091026","1456091026","user2","1","Solution 1: Web Scraping Application","201","1456091227","labeled","user2"
"1497","2","ISSUE 35","Null Label","1456125075","1456124944","user2","0","Solution 1: Web Scraping Application","131","1456125075","closed","user2"
"1498","2","ISSUE 35","Null Label","1456124944","1456124944","user2","0","Solution 1: Web Scraping Application","131","1456125075","milestoned","user2"
"1499","2","ISSUE 35","Null Label","1456124944","1456124944","user2","0","Solution 1: Web Scraping Application","131","1456125075","assigned","user2"
"1500","2","ISSUE 35","Web App","1456124944","1456124944","user2","0","Solution 1: Web Scraping Application","131","1456125075","labeled","user2"
"1501","2","ISSUE 36","Null Label","1456634163","1456133382","none","2","Solution 3: Android application for reviews","500781","1456634163","closed","user3"
"1502","2","ISSUE 36","Null Label","1456133382","1456133382","none","2","Solution 3: Android application for reviews","500781","1456634163","milestoned","user3"
"1503","2","ISSUE 36","Android","1456133382","1456133382","none","2","Solution 3: Android application for reviews","500781","1456634163","labeled","user3"
"1504","2","ISSUE 37","Null Label","1456410145","1456165412","user4","0","Solution 1: Web Scraping Application","244733","1456410145","closed","user4"
"1505","2","ISSUE 37","Null Label","1456165412","1456165412","user4","0","Solution 1: Web Scraping Application","244733","1456410145","milestoned","user4"
"1506","2","ISSUE 37","Null Label","1456165412","1456165412","user4","0","Solution 1: Web Scraping Application","244733","1456410145","assigned","user4"
"1507","2","ISSUE 37","Web App","1456165412","1456165412","user4","0","Solution 1: Web Scraping Application","244733","1456410145","labeled","user4"
"1508","2","ISSUE 38","Null Label","1456410181","1456165440","user4","0","Solution 1: Web Scraping Application","244741","1456410181","closed","user4"
"1509","2","ISSUE 38","Null Label","1456165440","1456165440","user4","0","Solution 1: Web Scraping Application","244741","1456410181","milestoned","user4"
"1510","2","ISSUE 38","Null Label","1456165440","1456165440","user4","0","Solution 1: Web Scraping Application","244741","1456410181","assigned","user4"
"1511","2","ISSUE 38","Web App","1456165440","1456165440","user4","0","Solution 1: Web Scraping Application","244741","1456410181","labeled","user4"
"1512","2","ISSUE 39","Null Label","1456410134","1456165469","user4","0","Solution 1: Web Scraping Application","244665","1456410134","closed","user4"
"1513","2","ISSUE 39","Null Label","1456165469","1456165469","user4","0","Solution 1: Web Scraping Application","244665","1456410134","milestoned","user4"
"1514","2","ISSUE 39","Null Label","1456165469","1456165469","user4","0","Solution 1: Web Scraping Application","244665","1456410134","assigned","user4"
"1515","2","ISSUE 39","Web App","1456165469","1456165469","user4","0","Solution 1: Web Scraping Application","244665","1456410134","labeled","user4"
"1516","2","ISSUE 40","Null Label","1456416619","1456411025","user4","0","Solution 1: Web Scraping Application","5594","1456416619","closed","user4"
"1517","2","ISSUE 40","Web App","1456411047","1456411025","user4","0","Solution 1: Web Scraping Application","5594","1456416619","labeled","user4"
"1518","2","ISSUE 40","Null Label","1456411025","1456411025","user4","0","Solution 1: Web Scraping Application","5594","1456416619","milestoned","user4"
"1519","2","ISSUE 40","Null Label","1456411025","1456411025","user4","0","Solution 1: Web Scraping Application","5594","1456416619","assigned","user4"
"1520","2","ISSUE 40","bug","1456411025","1456411025","user4","0","Solution 1: Web Scraping Application","5594","1456416619","labeled","user4"
"1521","2","ISSUE 41","Null Label","1456631840","1456413674","user4","0","Solution 1: Web Scraping Application","218166","1456631840","closed","user4"
"1522","2","ISSUE 41","Null Label","1456620101","1456413674","user4","0","Solution 1: Web Scraping Application","218166","1456631840","assigned","user4"
"1523","2","ISSUE 41","Null Label","1456413674","1456413674","user4","0","Solution 1: Web Scraping Application","218166","1456631840","milestoned","user4"
"1524","2","ISSUE 41","Web App","1456413674","1456413674","user4","0","Solution 1: Web Scraping Application","218166","1456631840","labeled","user4"
"1525","2","ISSUE 41","question","1456413674","1456413674","user4","0","Solution 1: Web Scraping Application","218166","1456631840","labeled","user4"
"1526","2","ISSUE 42","Null Label","1456631853","1456520313","user4","0","Solution 1: Web Scraping Application","111540","1456631853","closed","user4"
"1527","2","ISSUE 42","Null Label","1456520313","1456520313","user4","0","Solution 1: Web Scraping Application","111540","1456631853","milestoned","user4"
"1528","2","ISSUE 42","Null Label","1456520313","1456520313","user4","0","Solution 1: Web Scraping Application","111540","1456631853","assigned","user4"
"1529","2","ISSUE 42","Web App","1456520313","1456520313","user4","0","Solution 1: Web Scraping Application","111540","1456631853","labeled","user4"
"1530","2","ISSUE 43","Null Label","1456631818","1456620134","user4","0","Solution 1: Web Scraping Application","11684","1456631818","closed","user4"
"1531","2","ISSUE 43","Null Label","1456620135","1456620134","user4","0","Solution 1: Web Scraping Application","11684","1456631818","milestoned","user4"
"1532","2","ISSUE 43","Null Label","1456620134","1456620134","user4","0","Solution 1: Web Scraping Application","11684","1456631818","assigned","user4"
"1533","2","ISSUE 43","Web App","1456620134","1456620134","user4","0","Solution 1: Web Scraping Application","11684","1456631818","labeled","user4"
"1534","2","ISSUE 44","Null Label","1456735013","1456634368","none","2","Solution 3: Android application for reviews","100644","1456735012","closed","user3"
"1535","2","ISSUE 44","help wanted","1456634530","1456634368","none","2","Solution 3: Android application for reviews","100644","1456735012","labeled","user3"
"1536","2","ISSUE 44","Null Label","1456634368","1456634368","none","2","Solution 3: Android application for reviews","100644","1456735012","milestoned","user3"
"1537","2","ISSUE 44","Android","1456634368","1456634368","none","2","Solution 3: Android application for reviews","100644","1456735012","labeled","user3"
"1538","2","ISSUE 44","question","1456634368","1456634368","none","2","Solution 3: Android application for reviews","100644","1456735012","labeled","user3"
"1539","2","ISSUE 44","enhancement","1456634368","1456634368","none","2","Solution 3: Android application for reviews","100644","1456735012","labeled","user3"
"1540","2","ISSUE 45","Null Label","1456643213","1456640659","user2","0","Solution 1: Web Scraping Application","2554","1456643213","closed","user2"
"1541","2","ISSUE 45","Null Label","1456640713","1456640659","user2","0","Solution 1: Web Scraping Application","2554","1456643213","renamed","user2"
"1542","2","ISSUE 45","Null Label","1456640659","1456640659","user2","0","Solution 1: Web Scraping Application","2554","1456643213","milestoned","user2"
"1543","2","ISSUE 45","Null Label","1456640659","1456640659","user2","0","Solution 1: Web Scraping Application","2554","1456643213","assigned","user2"
"1544","2","ISSUE 45","Web App","1456640659","1456640659","user2","0","Solution 1: Web Scraping Application","2554","1456643213","labeled","user2"
"1","1","ISSUE 1","Null Label","1453158241","1452630628","user4","1","Feb 1 submission","527364","1453157992","milestoned","user4"
"2","1","ISSUE 1","Null Label","1453157992","1452630628","user4","1","Feb 1 submission","527364","1453157992","closed","user4"
"3","1","ISSUE 1","Null Label","1453157952","1452630628","user4","1","Feb 1 submission","527364","1453157992","renamed","user4"
"4","1","ISSUE 1","Null Label","1453157890","1452630628","user4","1","Feb 1 submission","527364","1453157992","assigned","user4"
"5","1","ISSUE 2","Null Label","1454321145","1452630702","none","1","Feb 1 submission","1690443","1454321145","closed","user4"
"6","1","ISSUE 2","Null Label","1453605810","1452630702","none","1","Feb 1 submission","1690443","1454321145","renamed","user4"
"7","1","ISSUE 2","Null Label","1453158250","1452630702","none","1","Feb 1 submission","1690443","1454321145","milestoned","user4"
"8","1","ISSUE 2","Null Label","1453158086","1452630702","none","1","Feb 1 submission","1690443","1454321145","renamed","user4"
"9","1","ISSUE 2","Null Label","1453158033","1452630702","none","1","Feb 1 submission","1690443","1454321145","renamed","user4"
"10","1","ISSUE 2","Null Label","1453158014","1452630702","none","1","Feb 1 submission","1690443","1454321145","renamed","user4"
"11","1","ISSUE 3","Null Label","1454321108","1453158194","none","1","Feb 1 submission","1162914","1454321108","closed","user4"
"12","1","ISSUE 3","Null Label","1453158246","1453158194","none","1","Feb 1 submission","1162914","1454321108","milestoned","user4"
"13","1","ISSUE 4","Null Label","1454321093","1453158316","none","1","Feb 1 submission","1162777","1454321093","closed","user4"
"14","1","ISSUE 4","Null Label","1453158322","1453158316","none","1","Feb 1 submission","1162777","1454321093","milestoned","user4"
"15","1","ISSUE 5","Null Label","1454322195","1454321179","user4","1","Feb 1 submission","1016","1454322195","closed","user4"
"16","1","ISSUE 5","Null Label","1454321179","1454321179","user4","1","Feb 1 submission","1016","1454322195","milestoned","user4"
"17","1","ISSUE 5","Null Label","1454321179","1454321179","user4","1","Feb 1 submission","1016","1454322195","assigned","user4"
"18","1","ISSUE 6","Null Label","1454379250","1454340129","none","1","none","39121","1454379250","closed","user2"
"20","1","ISSUE 7","Null Label","1456624219","1454614828","user4","2","1-Mar","2009391","1456624219","closed","user4"
"21","1","ISSUE 7","Null Label","1456199835","1454614828","user4","2","1-Mar","2009391","1456624219","assigned","user4"
"22","1","ISSUE 7","Null Label","1454614893","1454614828","user4","2","1-Mar","2009391","1456624219","milestoned","user4"
"23","1","ISSUE 7","Discussion","1454614885","1454614828","user4","2","1-Mar","2009391","1456624219","labeled","user4"
"24","1","ISSUE 8","Null Label","1456624209","1454614947","user4","1","1-Mar","2009262","1456624209","closed","user4"
"25","1","ISSUE 8","Null Label","1454798715","1454614947","user4","1","1-Mar","2009262","1456624209","assigned","user4"
"26","1","ISSUE 8","Null Label","1454614947","1454614947","user4","1","1-Mar","2009262","1456624209","milestoned","user4"
"27","1","ISSUE 8","Discussion","1454614947","1454614947","user4","1","1-Mar","2009262","1456624209","labeled","user4"
"28","1","ISSUE 9","Null Label","1454893319","1454632951","user3","1","1-Mar","260368","1454893319","closed","user3"
"29","1","ISSUE 9","Null Label","1454893303","1454632951","user3","1","1-Mar","260368","1454893319","assigned","user3"
"30","1","ISSUE 9","Null Label","1454633157","1454632951","user3","1","1-Mar","260368","1454893319","milestoned","user3"
"31","1","ISSUE 10","Null Label","1455946120","1454633205","user3","1","1-Mar","1312915","1455946120","closed","user3"
"32","1","ISSUE 10","Null Label","1454798729","1454633205","user3","1","1-Mar","1312915","1455946120","assigned","user3"
"33","1","ISSUE 10","Null Label","1454633205","1454633205","user3","1","1-Mar","1312915","1455946120","milestoned","user3"
"34","1","ISSUE 11","Null Label","1459907412","1454633239","user1","1","7-Apr","5274173","1459907412","closed","user1"
"35","1","ISSUE 11","Null Label","1456732778","1454633239","user1","1","7-Apr","5274173","1459907412","demilestoned","user1"
"36","1","ISSUE 11","Null Label","1456732778","1454633239","user1","1","7-Apr","5274173","1459907412","milestoned","user1"
"37","1","ISSUE 11","Discussion","1456381739","1454633239","user1","1","7-Apr","5274173","1459907412","labeled","user1"
"38","1","ISSUE 11","Null Label","1454798739","1454633239","user1","1","7-Apr","5274173","1459907412","assigned","user1"
"39","1","ISSUE 11","Null Label","1454633322","1454633239","user1","1","7-Apr","5274173","1459907412","milestoned","user1"
"40","1","ISSUE 11","Null Label","1454633322","1454633239","user1","1","7-Apr","5274173","1459907412","milestoned","user1"
"41","1","ISSUE 12","Null Label","1459907279","1454633256","none","1","7-Apr","5274023","1459907279","closed","user1"
"42","1","ISSUE 12","Discussion","1456042179","1454633256","none","1","7-Apr","5274023","1459907279","labeled","user4"
"43","1","ISSUE 12","Null Label","1454633256","1454633256","none","1","7-Apr","5274023","1459907279","milestoned","user3"
"44","1","ISSUE 13","Null Label","1456785235","1454893428","user1","2","1-Mar","1891807","1456785235","closed","user1"
"45","1","ISSUE 13","Implementation","1455946135","1454893428","user1","2","1-Mar","1891807","1456785235","labeled","user1"
"46","1","ISSUE 13","Null Label","1454893428","1454893428","user1","2","1-Mar","1891807","1456785235","milestoned","user1"
"47","1","ISSUE 13","Null Label","1454893428","1454893428","user1","2","1-Mar","1891807","1456785235","assigned","user1"
"48","1","ISSUE 14","Null Label","1456784192","1454893466","user4","4","1-Mar","1890726","1456784192","closed","user4"
"49","1","ISSUE 14","Implementation","1455946141","1454893466","user4","4","1-Mar","1890726","1456784192","labeled","user4"
"50","1","ISSUE 14","Null Label","1454893470","1454893466","user4","4","1-Mar","1890726","1456784192","milestoned","user4"
"51","1","ISSUE 14","Null Label","1454893466","1454893466","user4","4","1-Mar","1890726","1456784192","assigned","user4"
"52","1","ISSUE 15","Null Label","1456624701","1455946018","user4","2","1-Mar","678683","1456624701","closed","user4"
"53","1","ISSUE 15","Null Label","1455946018","1455946018","user4","2","1-Mar","678683","1456624701","milestoned","user4"
"54","1","ISSUE 15","Null Label","1455946018","1455946018","user4","2","1-Mar","678683","1456624701","assigned","user4"
"55","1","ISSUE 15","Implementation","1455946018","1455946018","user4","2","1-Mar","678683","1456624701","labeled","user4"
"56","1","ISSUE 16","Null Label","1456624179","1455946183","user4","1","1-Mar","677996","1456624179","closed","user4"
"57","1","ISSUE 16","Null Label","1455946183","1455946183","user4","1","1-Mar","677996","1456624179","milestoned","user4"
"58","1","ISSUE 16","Null Label","1455946183","1455946183","user4","1","1-Mar","677996","1456624179","assigned","user4"
"59","1","ISSUE 16","Implementation","1455946183","1455946183","user4","1","1-Mar","677996","1456624179","labeled","user4"
"60","1","ISSUE 16","bug","1455946183","1455946183","user4","1","1-Mar","677996","1456624179","labeled","user4"
"61","1","ISSUE 17","Null Label","1456708205","1455946276","user4","1","API call setups","761929","1456708205","closed","user4"
"62","1","ISSUE 17","Null Label","1455946314","1455946276","user4","1","API call setups","761929","1456708205","demilestoned","user4"
"63","1","ISSUE 17","Null Label","1455946314","1455946276","user4","1","API call setups","761929","1456708205","milestoned","user4"
"64","1","ISSUE 17","Null Label","1455946276","1455946276","user4","1","API call setups","761929","1456708205","milestoned","user4"
"65","1","ISSUE 17","Null Label","1455946276","1455946276","user4","1","API call setups","761929","1456708205","assigned","user4"
"66","1","ISSUE 18","Null Label","1456632596","1455946369","user3","2","API call setups","686227","1456632596","closed","user3"
"67","1","ISSUE 18","Null Label","1455946369","1455946369","user3","2","API call setups","686227","1456632596","milestoned","user3"
"68","1","ISSUE 18","Null Label","1455946369","1455946369","user3","2","API call setups","686227","1456632596","assigned","user3"
"69","1","ISSUE 18","Implementation","1455946369","1455946369","user3","2","API call setups","686227","1456632596","labeled","user3"
"70","1","ISSUE 19","Null Label","1456732671","1455948393","user1","2","API call setups","784278","1456732671","closed","user1"
"71","1","ISSUE 19","Null Label","1456632686","1455948393","user1","2","API call setups","784278","1456732671","renamed","user1"
"72","1","ISSUE 19","Null Label","1455948393","1455948393","user1","2","API call setups","784278","1456732671","milestoned","user1"
"73","1","ISSUE 19","Null Label","1455948393","1455948393","user1","2","API call setups","784278","1456732671","assigned","user1"
"74","1","ISSUE 19","Implementation","1455948393","1455948393","user1","2","API call setups","784278","1456732671","labeled","user1"
"75","1","ISSUE 20","Null Label","1456732694","1456042157","user4","2","API call setups","690537","1456732694","closed","user4"
"76","1","ISSUE 20","Null Label","1456042157","1456042157","user4","2","API call setups","690537","1456732694","milestoned","user4"
"77","1","ISSUE 20","Null Label","1456042157","1456042157","user4","2","API call setups","690537","1456732694","assigned","user4"
"78","1","ISSUE 20","bug","1456042157","1456042157","user4","2","API call setups","690537","1456732694","labeled","user4"
"79","1","ISSUE 21","Null Label","1456708189","1456273662","user1","3","API call setups","434527","1456708189","closed","user1"
"80","1","ISSUE 21","Null Label","1456374423","1456273662","user1","3","API call setups","434527","1456708189","milestoned","user1"
"81","1","ISSUE 21","Implementation","1456374421","1456273662","user1","3","API call setups","434527","1456708189","labeled","user1"
"82","1","ISSUE 21","Null Label","1456374400","1456273662","user1","3","API call setups","434527","1456708189","demilestoned","user1"
"83","1","ISSUE 21","Null Label","1456273662","1456273662","user1","3","API call setups","434527","1456708189","milestoned","user1"
"84","1","ISSUE 21","Null Label","1456273662","1456273662","user1","3","API call setups","434527","1456708189","assigned","user1"
"85","1","ISSUE 22","Null Label","1456733235","1456274263","user3","2","Data Collection methods","458972","1456733235","closed","user3"
"86","1","ISSUE 22","Null Label","1456732766","1456274263","user3","2","Data Collection methods","458972","1456733235","demilestoned","user3"
"87","1","ISSUE 22","Null Label","1456732766","1456274263","user3","2","Data Collection methods","458972","1456733235","milestoned","user3"
"88","1","ISSUE 22","Null Label","1456274263","1456274263","user3","2","Data Collection methods","458972","1456733235","milestoned","user3"
"89","1","ISSUE 22","Null Label","1456274263","1456274263","user3","2","Data Collection methods","458972","1456733235","assigned","user3"
"90","1","ISSUE 22","Discussion","1456274263","1456274263","user3","2","Data Collection methods","458972","1456733235","labeled","user3"
"91","1","ISSUE 23","Null Label","1456890290","1456624368","user3","1","1-Mar","265922","1456890290","closed","user3"
"92","1","ISSUE 23","Null Label","1456624368","1456624368","user3","1","1-Mar","265922","1456890290","milestoned","user3"
"93","1","ISSUE 23","Null Label","1456624368","1456624368","user3","1","1-Mar","265922","1456890290","assigned","user3"
"94","1","ISSUE 23","bug","1456624368","1456624368","user3","1","1-Mar","265922","1456890290","labeled","user3"
"95","1","ISSUE 24","Null Label","1456637293","1456624397","user4","1","1-Mar","12896","1456637293","closed","user4"
"96","1","ISSUE 24","Null Label","1456629623","1456624397","user4","1","1-Mar","12896","1456637293","assigned","user4"
"97","1","ISSUE 24","Null Label","1456629621","1456624397","user4","1","1-Mar","12896","1456637293","milestoned","user4"
"98","1","ISSUE 24","bug","1456624410","1456624397","user4","1","1-Mar","12896","1456637293","labeled","user4"
"99","1","ISSUE 25","Null Label","1456785416","1456624756","user2","1","1-Mar","160660","1456785416","closed","user2"
"100","1","ISSUE 25","Null Label","1456624761","1456624756","user2","1","1-Mar","160660","1456785416","assigned","user2"
"101","1","ISSUE 25","Null Label","1456624756","1456624756","user2","1","1-Mar","160660","1456785416","milestoned","user2"
"102","1","ISSUE 25","enhancement","1456624756","1456624756","user2","1","1-Mar","160660","1456785416","labeled","user2"
"103","1","ISSUE 26","Null Label","1459712646","1456637319","user4","1","Improvement to-do's","3075327","1459712646","closed","user4"
"104","1","ISSUE 26","Null Label","1456733193","1456637319","user4","1","Improvement to-do's","3075327","1459712646","demilestoned","user4"
"105","1","ISSUE 26","Null Label","1456733193","1456637319","user4","1","Improvement to-do's","3075327","1459712646","milestoned","user4"
"106","1","ISSUE 26","Null Label","1456637319","1456637319","user4","1","Improvement to-do's","3075327","1459712646","milestoned","user4"
"107","1","ISSUE 26","Null Label","1456637319","1456637319","user4","1","Improvement to-do's","3075327","1459712646","assigned","user4"
"108","1","ISSUE 26","enhancement","1456637319","1456637319","user4","1","Improvement to-do's","3075327","1459712646","labeled","user4"
"109","1","ISSUE 27","Null Label","1456805136","1456637429","user2","1","1-Mar","167707","1456805136","closed","user2"
"110","1","ISSUE 27","Null Label","1456637429","1456637429","user2","1","1-Mar","167707","1456805136","milestoned","user2"
"111","1","ISSUE 27","Null Label","1456637429","1456637429","user2","1","1-Mar","167707","1456805136","assigned","user2"
"112","1","ISSUE 27","enhancement","1456637429","1456637429","user2","1","1-Mar","167707","1456805136","labeled","user2"
"113","1","ISSUE 28","Null Label","1456782088","1456699403","none","2","1-Mar","82685","1456782088","closed","user4"
"114","1","ISSUE 28","Null Label","1456699403","1456699403","none","2","1-Mar","82685","1456782088","milestoned","user4"
"115","1","ISSUE 28","Implementation","1456699403","1456699403","none","2","1-Mar","82685","1456782088","labeled","user4"
"116","1","ISSUE 28","enhancement","1456699403","1456699403","none","2","1-Mar","82685","1456782088","labeled","user4"
"117","1","ISSUE 29","Null Label","1456725769","1456708077","user4","1","1-Mar","17692","1456725769","closed","user4"
"118","1","ISSUE 29","Null Label","1456708077","1456708077","user4","1","1-Mar","17692","1456725769","milestoned","user4"
"119","1","ISSUE 29","Null Label","1456708077","1456708077","user4","1","1-Mar","17692","1456725769","assigned","user4"
"120","1","ISSUE 29","bug","1456708077","1456708077","user4","1","1-Mar","17692","1456725769","labeled","user4"
"121","1","ISSUE 30","Null Label","1456890177","1456713452","user1","1","1-Mar","176725","1456890177","closed","user1"
"122","1","ISSUE 30","Implementation","1456785265","1456713452","user1","1","1-Mar","176725","1456890177","labeled","user1"
"123","1","ISSUE 30","bug","1456785265","1456713452","user1","1","1-Mar","176725","1456890177","labeled","user1"
"124","1","ISSUE 30","Null Label","1456785256","1456713452","user1","1","1-Mar","176725","1456890177","milestoned","user1"
"125","1","ISSUE 30","Null Label","1456785250","1456713452","user1","1","1-Mar","176725","1456890177","assigned","user1"
"126","1","ISSUE 31","Null Label","1456805145","1456732817","user2","0","Data Collection methods","72328","1456805145","closed","user2"
"127","1","ISSUE 31","Null Label","1456732840","1456732817","user2","0","Data Collection methods","72328","1456805145","assigned","user2"
"128","1","ISSUE 31","Null Label","1456732817","1456732817","user2","0","Data Collection methods","72328","1456805145","milestoned","user2"
"129","1","ISSUE 31","Discussion","1456732817","1456732817","user2","0","Data Collection methods","72328","1456805145","labeled","user2"
"130","1","ISSUE 32","Null Label","1456890151","1456732896","user2","0","Data Collection methods","157255","1456890151","closed","user2"
"131","1","ISSUE 32","Null Label","1456732896","1456732896","user2","0","Data Collection methods","157255","1456890151","milestoned","user2"
"132","1","ISSUE 32","Null Label","1456732896","1456732896","user2","0","Data Collection methods","157255","1456890151","assigned","user2"
"133","1","ISSUE 32","Discussion","1456732896","1456732896","user2","0","Data Collection methods","157255","1456890151","labeled","user2"
"1378","2","ISSUE 12","enhancement","1455828425","1455775184","user2","2","Solution 1: Web Scraping Application","53239","1455828423","unlabeled","user2"
"1379","2","ISSUE 12","Web App","1455828425","1455775184","user2","2","Solution 1: Web Scraping Application","53239","1455828423","labeled","user2"
"1380","2","ISSUE 12","Null Label","1455828423","1455775184","user2","2","Solution 1: Web Scraping Application","53239","1455828423","closed","user2"
"1381","2","ISSUE 12","Null Label","1455828318","1455775184","user2","2","Solution 1: Web Scraping Application","53239","1455828423","assigned","user2"
"1382","2","ISSUE 12","Null Label","1455775184","1455775184","user2","2","Solution 1: Web Scraping Application","53239","1455828423","milestoned","user2"
"1383","2","ISSUE 12","enhancement","1455775184","1455775184","user2","2","Solution 1: Web Scraping Application","53239","1455828423","labeled","user2"
"1384","2","ISSUE 13","Null Label","1456648047","1455822086","user2","1","Solution 1: Web Scraping Application","825961","1456648047","closed","user2"
"1385","2","ISSUE 13","Null Label","1455829067","1455822086","user2","1","Solution 1: Web Scraping Application","825961","1456648047","assigned","user2"
"1386","2","ISSUE 13","enhancement","1455828413","1455822086","user2","1","Solution 1: Web Scraping Application","825961","1456648047","unlabeled","user2"
"1387","2","ISSUE 13","Web App","1455828413","1455822086","user2","1","Solution 1: Web Scraping Application","825961","1456648047","labeled","user2"
"1388","2","ISSUE 13","Null Label","1455822086","1455822086","user2","1","Solution 1: Web Scraping Application","825961","1456648047","milestoned","user2"
"1389","2","ISSUE 13","enhancement","1455822086","1455822086","user2","1","Solution 1: Web Scraping Application","825961","1456648047","labeled","user2"
"1390","2","ISSUE 14","Null Label","1456634722","1455822188","user3","1","Solution 3: Android application for reviews","812534","1456634722","closed","user3"
"1391","2","ISSUE 14","Null Label","1455907978","1455822188","user3","1","Solution 3: Android application for reviews","812534","1456634722","assigned","user3"
"1392","2","ISSUE 14","Null Label","1455822188","1455822188","user3","1","Solution 3: Android application for reviews","812534","1456634722","milestoned","user3"
"1393","2","ISSUE 14","Android","1455822188","1455822188","user3","1","Solution 3: Android application for reviews","812534","1456634722","labeled","user3"
"1394","2","ISSUE 15","Null Label","1460048748","1455822317","user3","4","1-Apr","4226431","1460048748","closed","user3"
"1395","2","ISSUE 15","wontfix","1460001533","1455822317","user3","4","1-Apr","4226431","1460048748","labeled","user3"
"1396","2","ISSUE 15","Null Label","1456893386","1455822317","user3","4","1-Apr","4226431","1460048748","milestoned","user3"
"1397","2","ISSUE 15","Null Label","1456893238","1455822317","user3","4","1-Apr","4226431","1460048748","demilestoned","user3"
"1398","2","ISSUE 15","Null Label","1456819668","1455822317","user3","4","1-Apr","4226431","1460048748","reopened","user3"
"1399","2","ISSUE 15","Null Label","1456797229","1455822317","user3","4","1-Apr","4226431","1460048748","closed","user3"
"1400","2","ISSUE 15","Null Label","1456789056","1455822317","user3","4","1-Apr","4226431","1460048748","subscribed","user3"
"1401","2","ISSUE 15","Null Label","1456789056","1455822317","user3","4","1-Apr","4226431","1460048748","mentioned","user3"
"1402","2","ISSUE 15","Null Label","1455829047","1455822317","user3","4","1-Apr","4226431","1460048748","assigned","user3"
"1403","2","ISSUE 15","Null Label","1455822317","1455822317","user3","4","1-Apr","4226431","1460048748","milestoned","user3"
"1404","2","ISSUE 15","Android","1455822317","1455822317","user3","4","1-Apr","4226431","1460048748","labeled","user3"
"1405","2","ISSUE 16","Null Label","1456155603","1455822377","user4","0","Solution 1: Web Scraping Application","333226","1456155603","closed","user4"
"1406","2","ISSUE 16","Null Label","1455829055","1455822377","user4","0","Solution 1: Web Scraping Application","333226","1456155603","assigned","user4"
"1407","2","ISSUE 16","enhancement","1455828404","1455822377","user4","0","Solution 1: Web Scraping Application","333226","1456155603","unlabeled","user4"
"1408","2","ISSUE 16","Web App","1455828404","1455822377","user4","0","Solution 1: Web Scraping Application","333226","1456155603","labeled","user4"
"1409","2","ISSUE 16","Null Label","1455822377","1455822377","user4","0","Solution 1: Web Scraping Application","333226","1456155603","milestoned","user4"
"1410","2","ISSUE 16","enhancement","1455822377","1455822377","user4","0","Solution 1: Web Scraping Application","333226","1456155603","labeled","user4"
"1411","2","ISSUE 17","Null Label","1455898361","1455822491","user4","7","Solution 1: Web Scraping Application","75870","1455898361","closed","user4"
"1412","2","ISSUE 17","Null Label","1455826681","1455822491","user4","7","Solution 1: Web Scraping Application","75870","1455898361","assigned","user4"
"1413","2","ISSUE 17","Null Label","1455826681","1455822491","user4","7","Solution 1: Web Scraping Application","75870","1455898361","unassigned","user4"
"1414","2","ISSUE 17","Null Label","1455826674","1455822491","user4","7","Solution 1: Web Scraping Application","75870","1455898361","assigned","user4"
"1415","2","ISSUE 17","Null Label","1455826674","1455822491","user4","7","Solution 1: Web Scraping Application","75870","1455898361","unassigned","user4"
"1416","2","ISSUE 17","enhancement","1455824747","1455822491","user4","7","Solution 1: Web Scraping Application","75870","1455898361","unlabeled","user4"
"1417","2","ISSUE 17","Web App","1455824738","1455822491","user4","7","Solution 1: Web Scraping Application","75870","1455898361","labeled","user4"
"1418","2","ISSUE 17","Null Label","1455822491","1455822491","user4","7","Solution 1: Web Scraping Application","75870","1455898361","milestoned","user4"
"1419","2","ISSUE 17","Null Label","1455822491","1455822491","user4","7","Solution 1: Web Scraping Application","75870","1455898361","assigned","user4"
"1420","2","ISSUE 17","enhancement","1455822491","1455822491","user4","7","Solution 1: Web Scraping Application","75870","1455898361","labeled","user4"
"1421","2","ISSUE 18","Null Label","1456092324","1455825158","user1","0","Solution 2: Plugin Development(Basic functionality)","267166","1456092324","closed","user1"
"1422","2","ISSUE 18","Plugin","1455828505","1455825158","user1","0","Solution 2: Plugin Development(Basic functionality)","267166","1456092324","labeled","user1"
"1423","2","ISSUE 18","Null Label","1455825158","1455825158","user1","0","Solution 2: Plugin Development(Basic functionality)","267166","1456092324","milestoned","user1"
"1424","2","ISSUE 18","Null Label","1455825158","1455825158","user1","0","Solution 2: Plugin Development(Basic functionality)","267166","1456092324","assigned","user1"
"1425","2","ISSUE 19","Null Label","1456156008","1455825201","user1","0","Solution 2: Plugin Development(Basic functionality)","268798","1456093999","referenced","user1"
"1426","2","ISSUE 19","Null Label","1456093999","1455825201","user1","0","Solution 2: Plugin Development(Basic functionality)","268798","1456093999","closed","user1"
"1427","2","ISSUE 19","Plugin","1455828512","1455825201","user1","0","Solution 2: Plugin Development(Basic functionality)","268798","1456093999","labeled","user1"
"1428","2","ISSUE 19","Null Label","1455825201","1455825201","user1","0","Solution 2: Plugin Development(Basic functionality)","268798","1456093999","milestoned","user1"
"1429","2","ISSUE 19","Null Label","1455825201","1455825201","user1","0","Solution 2: Plugin Development(Basic functionality)","268798","1456093999","assigned","user1"
"1430","2","ISSUE 20","Null Label","1455898329","1455825520","user4","1","Solution 1: Web Scraping Application","72809","1455898329","closed","user4"
"1431","2","ISSUE 20","Null Label","1455828964","1455825520","user4","1","Solution 1: Web Scraping Application","72809","1455898329","assigned","user4"
"1432","2","ISSUE 20","Null Label","1455828964","1455825520","user4","1","Solution 1: Web Scraping Application","72809","1455898329","unassigned","user4"
"1433","2","ISSUE 20","Web App","1455828581","1455825520","user4","1","Solution 1: Web Scraping Application","72809","1455898329","labeled","user4"
"1434","2","ISSUE 20","Null Label","1455825520","1455825520","user4","1","Solution 1: Web Scraping Application","72809","1455898329","milestoned","user4"
"1435","2","ISSUE 20","Null Label","1455825520","1455825520","user4","1","Solution 1: Web Scraping Application","72809","1455898329","assigned","user4"
"1436","2","ISSUE 21","Null Label","1456873472","1455828230","user1","2","Solution 2: Plugin Development(Basic functionality)","1045242","1456873472","closed","user1"
"1437","2","ISSUE 21","Plugin","1455828276","1455828230","user1","2","Solution 2: Plugin Development(Basic functionality)","1045242","1456873472","labeled","user1"
"1438","2","ISSUE 21","Null Label","1455828230","1455828230","user1","2","Solution 2: Plugin Development(Basic functionality)","1045242","1456873472","milestoned","user1"
"1439","2","ISSUE 21","Null Label","1455828230","1455828230","user1","2","Solution 2: Plugin Development(Basic functionality)","1045242","1456873472","assigned","user1"
"1440","2","ISSUE 22","Null Label","1456133095","1455828302","user3","3","Solution 3: Android application for reviews","304792","1456133094","closed","user3"
"1441","2","ISSUE 22","Null Label","1455907701","1455828302","user3","3","Solution 3: Android application for reviews","304792","1456133094","assigned","user3"
"1442","2","ISSUE 22","Null Label","1455828302","1455828302","user3","3","Solution 3: Android application for reviews","304792","1456133094","milestoned","user3"
"1443","2","ISSUE 22","Android","1455828302","1455828302","user3","3","Solution 3: Android application for reviews","304792","1456133094","labeled","user3"
"1444","2","ISSUE 23","Null Label","1456735058","1455828318","user3","2","Solution 3: Android application for reviews","906740","1456735058","closed","user3"
"1445","2","ISSUE 23","duplicate","1456634581","1455828318","user3","2","Solution 3: Android application for reviews","906740","1456735058","labeled","user3"
"1446","2","ISSUE 23","Null Label","1455907960","1455828318","user3","2","Solution 3: Android application for reviews","906740","1456735058","assigned","user3"
"1447","2","ISSUE 23","Null Label","1455828318","1455828318","user3","2","Solution 3: Android application for reviews","906740","1456735058","milestoned","user3"
"1448","2","ISSUE 23","Android","1455828318","1455828318","user3","2","Solution 3: Android application for reviews","906740","1456735058","labeled","user3"
"1449","2","ISSUE 24","Null Label","1456742491","1455828722","user2","1","Solution 1: Web Scraping Application","913769","1456742491","closed","user2"
"1450","2","ISSUE 24","Null Label","1456742478","1455828722","user2","1","Solution 1: Web Scraping Application","913769","1456742491","assigned","user2"
"1451","2","ISSUE 24","Null Label","1455828722","1455828722","user2","1","Solution 1: Web Scraping Application","913769","1456742491","milestoned","user2"
"1452","2","ISSUE 24","enhancement","1455828722","1455828722","user2","1","Solution 1: Web Scraping Application","913769","1456742491","labeled","user2"
"1453","2","ISSUE 25","Web App","1456796109","1455828824","user1","2","Solution 1: Web Scraping Application","967274","1456796098","labeled","user1"
"1454","2","ISSUE 25","Null Label","1456796098","1455828824","user1","2","Solution 1: Web Scraping Application","967274","1456796098","closed","user1"
"1455","2","ISSUE 25","Null Label","1456788923","1455828824","user1","2","Solution 1: Web Scraping Application","967274","1456796098","subscribed","user1"
"1456","2","ISSUE 25","Null Label","1456788923","1455828824","user1","2","Solution 1: Web Scraping Application","967274","1456796098","mentioned","user1"
"1457","2","ISSUE 25","Null Label","1456788859","1455828824","user1","2","Solution 1: Web Scraping Application","967274","1456796098","assigned","user1"
"1458","2","ISSUE 25","Null Label","1455828824","1455828824","user1","2","Solution 1: Web Scraping Application","967274","1456796098","milestoned","user1"
"1459","2","ISSUE 25","enhancement","1455828824","1455828824","user1","2","Solution 1: Web Scraping Application","967274","1456796098","labeled","user1"
"1460","2","ISSUE 26","Null Label","1456132201","1455828882","user1","1","Solution 2: Plugin Development(Basic functionality)","303319","1456132201","closed","user1"
"1461","2","ISSUE 26","Null Label","1456093999","1455828882","user1","1","Solution 2: Plugin Development(Basic functionality)","303319","1456132201","referenced","user1"
"1462","2","ISSUE 26","Null Label","1455829016","1455828882","user1","1","Solution 2: Plugin Development(Basic functionality)","303319","1456132201","assigned","user1"
"1463","2","ISSUE 26","Null Label","1455828882","1455828882","user1","1","Solution 2: Plugin Development(Basic functionality)","303319","1456132201","milestoned","user1"
"1464","2","ISSUE 26","Plugin","1455828882","1455828882","user1","1","Solution 2: Plugin Development(Basic functionality)","303319","1456132201","labeled","user1"
"1465","2","ISSUE 27","Null Label","1456132771","1455828939","user3","1","Solution 3: Android application for reviews","303832","1456132771","closed","user3"
"1466","2","ISSUE 27","Null Label","1455828962","1455828939","user3","1","Solution 3: Android application for reviews","303832","1456132771","assigned","user3"
"1467","2","ISSUE 27","Null Label","1455828939","1455828939","user3","1","Solution 3: Android application for reviews","303832","1456132771","milestoned","user3"
"1468","2","ISSUE 27","Android","1455828939","1455828939","user3","1","Solution 3: Android application for reviews","303832","1456132771","labeled","user3"
"1469","2","ISSUE 28","Null Label","1456155566","1455891685","user4","0","Solution 1: Web Scraping Application","263881","1456155566","closed","user4"
"1470","2","ISSUE 28","Null Label","1455891685","1455891685","user4","0","Solution 1: Web Scraping Application","263881","1456155566","milestoned","user4"
"1471","2","ISSUE 28","Null Label","1455891685","1455891685","user4","0","Solution 1: Web Scraping Application","263881","1456155566","assigned","user4"
"1472","2","ISSUE 28","Web App","1455891685","1455891685","user4","0","Solution 1: Web Scraping Application","263881","1456155566","labeled","user4"
"1473","2","ISSUE 29","Null Label","1456647977","1455904135","none","1","Solution 1: Web Scraping Application","743842","1456647977","closed","user2"
"1474","2","ISSUE 29","Null Label","1455904135","1455904135","none","1","Solution 1: Web Scraping Application","743842","1456647977","milestoned","user4"
"1475","2","ISSUE 29","help wanted","1455904135","1455904135","none","1","Solution 1: Web Scraping Application","743842","1456647977","labeled","user4"
"1476","2","ISSUE 30","Null Label","1456733522","1455926219","user2","1","Solution 1: Web Scraping Application","807303","1456733522","closed","user2"
"1477","2","ISSUE 30","Null Label","1456733519","1455926219","user2","1","Solution 1: Web Scraping Application","807303","1456733522","assigned","user2"
"1478","2","ISSUE 30","Null Label","1455926219","1455926219","user2","1","Solution 1: Web Scraping Application","807303","1456733522","milestoned","user2"
"1479","2","ISSUE 30","Web App","1455926219","1455926219","user2","1","Solution 1: Web Scraping Application","807303","1456733522","labeled","user2"
"1480","2","ISSUE 31","Null Label","1456651778","1455926247","user1","0","Solution 1: Web Scraping Application","725531","1456651778","closed","user1"
"1481","2","ISSUE 31","Null Label","1456648000","1455926247","user1","0","Solution 1: Web Scraping Application","725531","1456651778","assigned","user1"
"1482","2","ISSUE 31","Null Label","1455926247","1455926247","user1","0","Solution 1: Web Scraping Application","725531","1456651778","milestoned","user1"
"1483","2","ISSUE 31","Web App","1455926247","1455926247","user1","0","Solution 1: Web Scraping Application","725531","1456651778","labeled","user1"
"1484","2","ISSUE 32","Null Label","1456634420","1455959071","none","1","Solution 3: Android application for reviews","675349","1456634420","closed","user3"
"1485","2","ISSUE 32","Null Label","1455959071","1455959071","none","1","Solution 3: Android application for reviews","675349","1456634420","milestoned","user2"
"1486","2","ISSUE 32","Android","1455959071","1455959071","none","1","Solution 3: Android application for reviews","675349","1456634420","labeled","user2"
"1487","2","ISSUE 33","Null Label","1456634210","1455959095","user3","2","Solution 3: Android application for reviews","675115","1456634210","closed","user3"
"1488","2","ISSUE 33","Null Label","1455989544","1455959095","user3","2","Solution 3: Android application for reviews","675115","1456634210","assigned","user3"
"1295","2","ISSUE 1","Null Label","1456165383","1455063442","user4","1","Solution 1: Web Scraping Application","1101941","1456165383","closed","user4"
"1296","2","ISSUE 1","enhancement","1455824800","1455063442","user4","1","Solution 1: Web Scraping Application","1101941","1456165383","unlabeled","user4"
"1297","2","ISSUE 1","Web App","1455824800","1455063442","user4","1","Solution 1: Web Scraping Application","1101941","1456165383","labeled","user4"
"1298","2","ISSUE 1","Null Label","1455824583","1455063442","user4","1","Solution 1: Web Scraping Application","1101941","1456165383","assigned","user4"
"1299","2","ISSUE 1","Null Label","1455824580","1455063442","user4","1","Solution 1: Web Scraping Application","1101941","1456165383","renamed","user4"
"1300","2","ISSUE 1","enhancement","1455068397","1455063442","user4","1","Solution 1: Web Scraping Application","1101941","1456165383","labeled","user4"
"1301","2","ISSUE 1","Null Label","1455063442","1455063442","user4","1","Solution 1: Web Scraping Application","1101941","1456165383","milestoned","user4"
"1302","2","ISSUE 2","Null Label","1455907375","1455065711","user1","1","Solution 2: Plugin Development(Basic functionality)","841664","1455907375","closed","user1"
"1303","2","ISSUE 2","enhancement","1455828472","1455065711","user1","1","Solution 2: Plugin Development(Basic functionality)","841664","1455907375","unlabeled","user1"
"1304","2","ISSUE 2","Plugin","1455828472","1455065711","user1","1","Solution 2: Plugin Development(Basic functionality)","841664","1455907375","labeled","user1"
"1305","2","ISSUE 2","Null Label","1455065711","1455065711","user1","1","Solution 2: Plugin Development(Basic functionality)","841664","1455907375","milestoned","user1"
"1306","2","ISSUE 2","Null Label","1455065711","1455065711","user1","1","Solution 2: Plugin Development(Basic functionality)","841664","1455907375","assigned","user1"
"1307","2","ISSUE 2","enhancement","1455065711","1455065711","user1","1","Solution 2: Plugin Development(Basic functionality)","841664","1455907375","labeled","user1"
"1308","2","ISSUE 3","Null Label","1456651894","1455068354","user2","0","Solution 1: Web Scraping Application","1583540","1456651894","closed","user2"
"1309","2","ISSUE 3","Null Label","1455828952","1455068354","user2","0","Solution 1: Web Scraping Application","1583540","1456651894","assigned","user2"
"1310","2","ISSUE 3","Null Label","1455828952","1455068354","user2","0","Solution 1: Web Scraping Application","1583540","1456651894","unassigned","user2"
"1311","2","ISSUE 3","enhancement","1455824823","1455068354","user2","0","Solution 1: Web Scraping Application","1583540","1456651894","unlabeled","user2"
"1312","2","ISSUE 3","Web App","1455824823","1455068354","user2","0","Solution 1: Web Scraping Application","1583540","1456651894","labeled","user2"
"1313","2","ISSUE 3","Null Label","1455068376","1455068354","user2","0","Solution 1: Web Scraping Application","1583540","1456651894","assigned","user2"
"1314","2","ISSUE 3","Null Label","1455068369","1455068354","user2","0","Solution 1: Web Scraping Application","1583540","1456651894","milestoned","user2"
"1315","2","ISSUE 3","enhancement","1455068365","1455068354","user2","0","Solution 1: Web Scraping Application","1583540","1456651894","labeled","user2"
"1316","2","ISSUE 4","Null Label","1455826685","1455764462","user4","1","Solution 1: Web Scraping Application","62213","1455826675","assigned","user4"
"1317","2","ISSUE 4","Null Label","1455826675","1455764462","user4","1","Solution 1: Web Scraping Application","62213","1455826675","closed","user4"
"1318","2","ISSUE 4","enhancement","1455824879","1455764462","user4","1","Solution 1: Web Scraping Application","62213","1455826675","unlabeled","user4"
"1319","2","ISSUE 4","Web App","1455824879","1455764462","user4","1","Solution 1: Web Scraping Application","62213","1455826675","labeled","user4"
"1320","2","ISSUE 4","Null Label","1455764462","1455764462","user4","1","Solution 1: Web Scraping Application","62213","1455826675","milestoned","user4"
"1321","2","ISSUE 4","enhancement","1455764462","1455764462","user4","1","Solution 1: Web Scraping Application","62213","1455826675","labeled","user4"
"1322","2","ISSUE 5","Null Label","1456155585","1455764494","user4","0","Solution 1: Web Scraping Application","391091","1456155585","closed","user4"
"1323","2","ISSUE 5","Null Label","1455828708","1455764494","user4","0","Solution 1: Web Scraping Application","391091","1456155585","assigned","user4"
"1324","2","ISSUE 5","enhancement","1455824863","1455764494","user4","0","Solution 1: Web Scraping Application","391091","1456155585","unlabeled","user4"
"1325","2","ISSUE 5","Web App","1455824863","1455764494","user4","0","Solution 1: Web Scraping Application","391091","1456155585","labeled","user4"
"1326","2","ISSUE 5","Null Label","1455764494","1455764494","user4","0","Solution 1: Web Scraping Application","391091","1456155585","milestoned","user4"
"1327","2","ISSUE 5","enhancement","1455764494","1455764494","user4","0","Solution 1: Web Scraping Application","391091","1456155585","labeled","user4"
"1328","2","ISSUE 6","Null Label","1456091898","1455764515","user4","0","Solution 1: Web Scraping Application","327383","1456091898","closed","user4"
"1329","2","ISSUE 6","enhancement","1455824846","1455764515","user4","0","Solution 1: Web Scraping Application","327383","1456091898","unlabeled","user4"
"1330","2","ISSUE 6","Web App","1455824846","1455764515","user4","0","Solution 1: Web Scraping Application","327383","1456091898","labeled","user4"
"1331","2","ISSUE 6","Null Label","1455824450","1455764515","user4","0","Solution 1: Web Scraping Application","327383","1456091898","assigned","user4"
"1332","2","ISSUE 6","Null Label","1455764515","1455764515","user4","0","Solution 1: Web Scraping Application","327383","1456091898","milestoned","user4"
"1333","2","ISSUE 6","enhancement","1455764515","1455764515","user4","0","Solution 1: Web Scraping Application","327383","1456091898","labeled","user4"
"1334","2","ISSUE 7","Null Label","1456893419","1455764536","user1","5","Solution 1: Web Scraping Application","1128883","1456893419","closed","user1"
"1335","2","ISSUE 7","Null Label","1456893166","1455764536","user1","5","Solution 1: Web Scraping Application","1128883","1456893419","subscribed","user1"
"1336","2","ISSUE 7","Null Label","1456893166","1455764536","user1","5","Solution 1: Web Scraping Application","1128883","1456893419","mentioned","user1"
"1337","2","ISSUE 7","Null Label","1456797391","1455764536","user1","5","Solution 1: Web Scraping Application","1128883","1456893419","subscribed","user1"
"1338","2","ISSUE 7","Null Label","1456797391","1455764536","user1","5","Solution 1: Web Scraping Application","1128883","1456893419","mentioned","user1"
"1339","2","ISSUE 7","enhancement","1456790939","1455764536","user1","5","Solution 1: Web Scraping Application","1128883","1456893419","labeled","user1"
"1340","2","ISSUE 7","Null Label","1456789003","1455764536","user1","5","Solution 1: Web Scraping Application","1128883","1456893419","subscribed","user1"
"1341","2","ISSUE 7","Null Label","1456789003","1455764536","user1","5","Solution 1: Web Scraping Application","1128883","1456893419","mentioned","user1"
"1342","2","ISSUE 7","Null Label","1456733311","1455764536","user1","5","Solution 1: Web Scraping Application","1128883","1456893419","assigned","user1"
"1343","2","ISSUE 7","Null Label","1456733311","1455764536","user1","5","Solution 1: Web Scraping Application","1128883","1456893419","unassigned","user1"
"1344","2","ISSUE 7","Null Label","1455829139","1455764536","user1","5","Solution 1: Web Scraping Application","1128883","1456893419","assigned","user1"
"1345","2","ISSUE 7","enhancement","1455824778","1455764536","user1","5","Solution 1: Web Scraping Application","1128883","1456893419","unlabeled","user1"
"1346","2","ISSUE 7","Web App","1455824778","1455764536","user1","5","Solution 1: Web Scraping Application","1128883","1456893419","labeled","user1"
"1347","2","ISSUE 7","Null Label","1455764536","1455764536","user1","5","Solution 1: Web Scraping Application","1128883","1456893419","milestoned","user1"
"1348","2","ISSUE 7","enhancement","1455764536","1455764536","user1","5","Solution 1: Web Scraping Application","1128883","1456893419","labeled","user1"
"1349","2","ISSUE 8","Null Label","1455826479","1455773895","none","0","Solution 1: Web Scraping Application","52584","1455826479","closed","user4"
"1545","2","ISSUE 46","Null Label","1456646486","1456646451","user2","0","Solution 1: Web Scraping Application","35","1456646486","closed","user2"
"1546","2","ISSUE 46","Null Label","1456646451","1456646451","user2","0","Solution 1: Web Scraping Application","35","1456646486","milestoned","user2"
"1547","2","ISSUE 46","Null Label","1456646451","1456646451","user2","0","Solution 1: Web Scraping Application","35","1456646486","assigned","user2"
"1548","2","ISSUE 46","Web App","1456646451","1456646451","user2","0","Solution 1: Web Scraping Application","35","1456646486","labeled","user2"
"1549","2","ISSUE 47","Null Label","1456646729","1456646571","user2","1","Solution 1: Web Scraping Application","158","1456646729","closed","user2"
"1550","2","ISSUE 47","Null Label","1456646571","1456646571","user2","1","Solution 1: Web Scraping Application","158","1456646729","milestoned","user2"
"1551","2","ISSUE 47","Null Label","1456646571","1456646571","user2","1","Solution 1: Web Scraping Application","158","1456646729","assigned","user2"
"1552","2","ISSUE 47","Web App","1456646571","1456646571","user2","1","Solution 1: Web Scraping Application","158","1456646729","labeled","user2"
"1553","2","ISSUE 48","Null Label","1456651753","1456646655","user1","1","Solution 1: Web Scraping Application","5098","1456651753","closed","user1"
"1554","2","ISSUE 48","Null Label","1456646655","1456646655","user1","1","Solution 1: Web Scraping Application","5098","1456651753","milestoned","user1"
"1555","2","ISSUE 48","Null Label","1456646655","1456646655","user1","1","Solution 1: Web Scraping Application","5098","1456651753","assigned","user1"
"1556","2","ISSUE 48","Web App","1456646655","1456646655","user1","1","Solution 1: Web Scraping Application","5098","1456651753","labeled","user1"
"1557","2","ISSUE 49","Null Label","1456668385","1456666865","user4","0","Solution 1: Web Scraping Application","1520","1456668385","closed","user4"
"1558","2","ISSUE 49","Null Label","1456666865","1456666865","user4","0","Solution 1: Web Scraping Application","1520","1456668385","milestoned","user4"
"1559","2","ISSUE 49","Null Label","1456666865","1456666865","user4","0","Solution 1: Web Scraping Application","1520","1456668385","assigned","user4"
"1560","2","ISSUE 49","Web App","1456666865","1456666865","user4","0","Solution 1: Web Scraping Application","1520","1456668385","labeled","user4"
"1561","2","ISSUE 49","enhancement","1456666865","1456666865","user4","0","Solution 1: Web Scraping Application","1520","1456668385","labeled","user4"
"1562","2","ISSUE 50","Null Label","1456742301","1456666946","user4","2","Solution 1: Web Scraping Application","75355","1456742301","closed","user4"
"1563","2","ISSUE 50","Null Label","1456666946","1456666946","user4","2","Solution 1: Web Scraping Application","75355","1456742301","milestoned","user4"
"1564","2","ISSUE 50","Null Label","1456666946","1456666946","user4","2","Solution 1: Web Scraping Application","75355","1456742301","assigned","user4"
"1565","2","ISSUE 50","Web App","1456666946","1456666946","user4","2","Solution 1: Web Scraping Application","75355","1456742301","labeled","user4"
"1566","2","ISSUE 50","enhancement","1456666946","1456666946","user4","2","Solution 1: Web Scraping Application","75355","1456742301","labeled","user4"
